City_ID,City,Country,Max Temp,Current Description,Lat,Lng,Hotel Name
2,Georgetown,MY,80.53,few clouds,5.4112,100.3354,Cititel Penang
4,Jamestown,US,80.24,scattered clouds,42.097,-79.2353,Hampton Inn & Suites Jamestown
7,Vila Franca Do Campo,PT,71.2,overcast clouds,37.7167,-25.4333,Pestana Bahia Praia
8,Aksu,CN,78.08,clear sky,41.1231,80.2644,Pudong Holiday Hotel
9,Safford,US,83.12,broken clouds,32.834,-109.7076,SpringHill Suites by Marriott Thatcher
13,Victoria,HK,85.32,broken clouds,22.2855,114.1577,Mini Central
14,Rikitea,PF,75.02,clear sky,-23.1203,-134.9692,People ThankYou
16,Namatanai,PG,79.66,light rain,-3.6667,152.4333,Seagulls Inn Namatani
17,Torbay,CA,79.57,scattered clouds,47.6666,-52.7314,Gallows Cove
19,Kapaa,US,82.38,few clouds,22.0752,-159.319,Sheraton Kauai Coconut Beach Resort
20,Pokhara,NP,72.55,overcast clouds,28.2333,83.9833,OYO 170 Hotel View Point
21,Robertsport,LR,78.94,overcast clouds,6.7533,-11.3686,Kwepunha Retreat
27,Rovaniemi,FI,72.81,clear sky,66.5,25.7167,Arctic City Hotel
28,Faya,SA,77.11,overcast clouds,18.3851,42.4509,ÿßŸÖŸÑÿßŸÉ ÿÆÿßŸÑÿØ ÿßŸÑÿ¥ÿπÿ¥Ÿàÿπ
32,Butaritari,KI,82.67,light rain,3.0707,172.7902,Isles Sunset Lodge
34,La Union,PE,76.08,few clouds,-5.4,-80.75,Los Portales
35,Bairiki,KI,82.4,scattered clouds,1.3292,172.9752,Tarawa Boutique Hotel
36,Noumea,NC,73.0,scattered clouds,-22.2763,166.4572,H√¥tel Le Lagon
39,Pundaguitan,PH,81.52,overcast clouds,6.3711,126.1689,Leonardo Family Beach House 1
40,Nanakuli,US,84.15,clear sky,21.3906,-158.1547,Camp PƒÅlehua
41,Atuona,PF,77.92,few clouds,-9.8,-139.0333,Villa Enata
44,Katsuura,JP,75.92,clear sky,35.1333,140.3,Katsuura Hotel Mikazuki
45,Avarua,CK,77.05,broken clouds,-21.2078,-159.775,Paradise Inn
55,Fortuna,US,76.91,clear sky,40.5982,-124.1573,Super 8 by Wyndham Fortuna
57,Moerai,PF,73.35,overcast clouds,-22.4333,-151.3333,Le Manotel
59,South Sioux City,US,80.8,clear sky,42.4739,-96.4136,Hilton Garden Inn Sioux City Riverfront
66,Mabaruma,GY,78.73,broken clouds,8.2,-59.7833,Monty Brooms Guest House
68,Hilo,US,85.28,overcast clouds,19.7297,-155.09,Hilo Hawaiian Hotel
69,Kibala,TD,73.35,thunderstorm with light rain,9.1104,18.3463,Prasant Hotels
72,Pyapon,MM,79.39,overcast clouds,16.2833,95.6833,Aung Naing Thu Motel
73,Buala,SB,80.19,light rain,-8.145,159.5921,Maringe Lagoon Lodge
75,Feltre,IT,77.77,broken clouds,46.0235,11.907,Hotel Casagrande
76,Puerto Ayora,EC,75.16,broken clouds,-0.7393,-90.3518,Finch Bay Galapagos Hotel
77,Zamora,EC,79.84,light rain,-4.0692,-78.9567,Caba√±as Ecol√≥gicas Copalinga
81,Kuah,MY,78.78,few clouds,6.3265,99.8432,Azio Hotel
82,High Rock,BS,84.22,light rain,26.6208,-78.2833,Hideaway Bahamas Beach Club
83,Sijunjung,ID,71.46,overcast clouds,-0.6876,100.9537,Hotel Bukik Gadang
85,Samarai,PG,80.74,overcast clouds,-10.6167,150.6667,Nuli Sapi
89,Sal Rei,CV,72.84,scattered clouds,16.1833,-22.9167,Marine Club Beach Resort
90,Agboville,CI,72.84,broken clouds,5.928,-4.2132,hotel LE PRESTIGE
91,Honiara,SB,79.83,scattered clouds,-9.4333,159.95,Heritage Park Hotel
92,Pierre,US,80.85,clear sky,44.3683,-100.351,Ramkota Hotel
95,Villamontes,BO,71.92,overcast clouds,-21.25,-63.5,Hotel Raldes
99,Blitar,ID,73.06,broken clouds,-8.0983,112.1681,Hotel Tugu Sri Lestari Blitar
101,Hamilton,US,86.63,scattered clouds,39.1834,-84.5333,Six Acres Bed & Breakfast
102,Banmankhi,IN,81.82,overcast clouds,25.8833,87.1833,AMITESH KUMAR SINGH
106,Bara,NG,73.18,moderate rain,10.3744,10.7288,
109,Sur,OM,88.56,broken clouds,22.5667,59.5289,Sur Plaza Hotel
111,Hazorasp,UZ,80.44,clear sky,41.3194,61.0742,Kemping wifi hotel
112,Mackenzie,CA,75.42,clear sky,55.2999,-123.1698,Hilton Shop
113,Makakilo City,US,80.98,clear sky,21.3469,-158.0858,Marriott's Ko Olina Beach Club
115,Saint Anthony,US,73.18,broken clouds,45.0205,-93.218,Holiday Inn Express Roseville-St. Paul
118,Pala,TD,77.27,light rain,9.3642,14.9046,Hotel Pala Palace
120,Mahibadhoo,MV,82.92,heavy intensity rain,3.7833,72.9667,Omadhoo Inn
122,Belle Fourche,US,74.05,clear sky,44.6714,-103.8522,Super 8 by Wyndham Belle Fourche SD
123,Carutapera,BR,76.01,overcast clouds,-1.195,-46.02,Lidera
129,Vaini,TO,73.56,few clouds,-21.2,-175.2,Keleti Beach Resort
132,Cayenne,GF,82.09,overcast clouds,4.9333,-52.3333,H√¥tel Le Dronmi
135,Waverly,US,81.95,clear sky,42.7392,-84.6208,"Crowne Plaza Lansing West, an IHG Hotel"
136,Auki,SB,78.58,scattered clouds,-8.7676,160.7034,Auki Motel
138,Sakakah,SA,83.77,clear sky,29.9697,40.2064,Fakhamat Al Orjoana Apartment
139,Hithadhoo,MV,83.05,overcast clouds,-0.6,73.0833,Scoop Guest House
144,Alugan,PH,79.03,overcast clouds,12.2188,125.4808,JM Lodge
145,Marsa Matruh,EG,77.2,scattered clouds,31.3525,27.2453,Beau Site
147,Kavaratti,IN,82.51,overcast clouds,10.5669,72.642,Hotels in Lakshadweep Islands
148,Kulhudhuffushi,MV,82.44,overcast clouds,6.6221,73.07,Haajy Guest House 1
150,Morgan City,US,82.99,overcast clouds,29.6994,-91.2068,Hampton Inn & Suites Morgan City
152,Bengkulu,ID,75.06,few clouds,-3.8004,102.2655,Grage Hotel Bengkulu
156,Mazamari,PE,85.6,scattered clouds,-11.3258,-74.5308,Hospedaje Ratto
158,Peace River,CA,75.51,broken clouds,56.2501,-117.286,BCMInns - Peace River
159,Kieta,PG,79.47,moderate rain,-6.2167,155.6333,Uruna Bay Retreat
163,Ternate,ID,79.77,overcast clouds,0.8,127.4,Sahid Bela Ternate Hotel
164,Touros,BR,77.79,scattered clouds,-5.1989,-35.4608,INN NEW HORIZON
168,Salalah,OM,81.54,overcast clouds,17.0151,54.0924,"HAMDAN PLAZA HOTEL SALALAH, an HTG Hotel"
169,Sibolga,ID,75.74,overcast clouds,1.7427,98.7792,Hotel Syariah CN Darussalam
170,Port Blair,IN,77.04,mist,11.6667,92.75,"Welcomhotel By ITC Hotels, Bay Island, Port Blair"
171,Powell River,CA,80.02,few clouds,49.8496,-124.5361,Rodmay Hotel
173,Ucluelet,CA,77.31,clear sky,48.9329,-125.5528,Black Rock Oceanfront Resort
174,Sao Miguel Do Araguaia,BR,80.19,clear sky,-13.275,-50.1628,Hotel Executivo Palace
175,Luganville,VU,79.99,few clouds,-15.5333,167.1667,The Espiritu Hotel
176,Aklavik,CA,77.43,overcast clouds,68.2191,-135.0107,Aklavik Inn
178,Qena,EG,86.7,clear sky,26.1615,32.7183,"Grand hotel ""Quena"""
179,Vila Velha,BR,71.55,broken clouds,-20.3297,-40.2925,Hotel Vit√≥ria Palace
182,Juneau,US,73.85,few clouds,58.3019,-134.4197,"Baranof Downtown, BW Signature Collection"
183,Houma,US,86.0,overcast clouds,29.5958,-90.7195,Courtyard by Marriott Houma
186,Larnaca,CY,81.21,clear sky,34.9167,33.6292,Flamingo Beach Hotel
187,Odessa,UA,72.86,overcast clouds,46.4775,30.7326,Londonskaya Hotel
188,Soyo,AO,70.99,clear sky,-6.1349,12.3689,Hospedaria ndozi'ame
190,Cururupu,BR,75.15,overcast clouds,-1.8283,-44.8683,POUSADA TRAV√âS'CIA
191,Dhidhdhoo,MV,82.31,overcast clouds,6.8833,73.1,Dhidhoo beach
193,San Policarpo,PH,79.43,overcast clouds,12.1791,125.5072,Agapita M. Nicart
194,Eureka,US,77.18,broken clouds,40.8021,-124.1637,Eureka Inn Trademark By Wyndham
195,Zhezkazgan,KZ,75.15,clear sky,47.8043,67.7144,Hotel Zumrat
198,Maunabo,PR,89.29,clear sky,18.0072,-65.8993,Parador Maunacaribe
202,Raga,SS,74.05,overcast clouds,8.4596,25.678,
203,Kamaishi,JP,71.42,light rain,39.2667,141.8833,Hotel Route Inn Kamaishi
204,Pemangkat,ID,77.04,overcast clouds,1.1667,108.9667,Ramah Kost KITA
207,Acarau,BR,78.4,broken clouds,-2.8856,-40.12,castelo pizzaria
209,Honavar,IN,79.59,overcast clouds,14.2833,74.45,Hotel Sagar Residency
211,Gamboma,CG,77.36,scattered clouds,-1.8764,15.8644,Residence N'Keni
217,Vung Tau,VN,81.27,scattered clouds,10.346,107.0843,Seaside Resort
218,Laem Sing,TH,84.15,overcast clouds,12.4816,102.0738,Laemsing Whitehouse Resort
220,Parrita,CR,77.85,overcast clouds,9.5201,-84.3225,Beso del Viento
221,Havelock,US,87.98,broken clouds,34.8791,-76.9013,Sherwood Motel
225,Kavieng,PG,83.07,overcast clouds,-2.5744,150.7967,Nusa Island Retreat
226,Zhanakorgan,KZ,86.72,clear sky,43.9098,67.2495,"""–ê“õ–ø–∞–ª–∞—Å"" “õ–æ–Ω–∞“õ “Ø–π—ñ"
227,Halifax,CA,76.89,clear sky,44.6453,-63.5724,Hotel Halifax
228,Port-Gentil,GA,73.36,few clouds,-0.7193,8.7815,Fengshui Residence
229,Linfen,CN,75.63,overcast clouds,36.0889,111.5189,Suoxing Hotel
231,Tual,ID,78.3,moderate rain,-5.6667,132.75,Grand Vilia Hotel
233,Lixourion,GR,77.36,clear sky,38.2019,20.4314,Hotel Summery
246,Kahului,US,84.22,few clouds,20.8947,-156.47,Maui Seaside Hotel
250,Meulaboh,ID,76.05,overcast clouds,4.1363,96.1285,Kost Pria
251,Chaohu,CN,82.98,overcast clouds,31.6,117.8667,Shell Hefei Chaohu Railway Station Wanda Plaza Hotel
252,Kankan,GN,74.71,moderate rain,10.3854,-9.3057,Hotel Bate
255,Kupang,ID,75.56,overcast clouds,-10.1667,123.5833,Hotel On The Rock by Prasanthi
257,Purna,IN,77.95,overcast clouds,19.1833,77.05,‡§π‡§®‡•Å‡§Æ‡§æ‡§® ‡§á‡§Ç‡§ú‡§ø‡§®‡§ø‡§Ö‡§∞‡•Ä‡§Ç‡§ó ‡§µ‡§∞‡•ç‡§ï‡§∂‡•â‡§™
258,Ust-Nera,RU,71.89,scattered clouds,64.5667,143.2,Hotel Ust-Nera
260,Cabo Rojo,PR,88.72,scattered clouds,18.0866,-67.1457,Hotel Perichi's
263,Price,US,80.71,scattered clouds,39.5994,-110.8107,National 9 - Price River Inn
268,Caravelas,BR,72.37,overcast clouds,-17.7125,-39.2481,Pousada dos Navegantes
269,Lorengau,PG,81.36,overcast clouds,-2.0226,147.2712,Lorengau Harbourside Hotel
270,Pakokku,MM,85.03,overcast clouds,21.3333,95.1,Royal Palace Motel
274,Daru,PG,78.46,overcast clouds,-9.0763,143.2092,Daru Lodge
275,Naze,JP,77.92,overcast clouds,28.3667,129.4833,Shishime Hotel
277,Acapulco,MX,85.73,overcast clouds,16.8634,-99.8901,HS Hotsson Smart Acapulco
281,Petkovci,BA,70.38,clear sky,44.4531,19.0761,Gostionica Laziƒá
286,Gryfino,PL,77.32,broken clouds,53.2524,14.4883,Ry≈õ
287,San Cristobal,VE,80.78,overcast clouds,7.7669,-72.225,Pirineos
289,Jacareacanga,BR,84.72,broken clouds,-6.2222,-57.7528,Casa do Ianüòé
290,Boca Do Acre,BR,87.39,few clouds,-8.7522,-67.3978,Hotel Sao Pedro
291,Urumqi,CN,77.95,clear sky,43.801,87.6005,Hua Ling Grand Hotel Urumqi
292,Miri,MY,77.14,scattered clouds,4.4148,114.0089,"Mega Hotel, Miri"
294,Karpathos,GR,75.16,clear sky,35.507,27.2132,Alex
295,Aichach,DE,72.45,light rain,48.4576,11.1341,Drei B√§ren Inn
297,Japura,ID,73.58,broken clouds,-0.3167,102.35,Rumah mbah Jamah
299,Nishihara,JP,82.06,broken clouds,26.1842,127.7558,Minshuku Agaihama
302,Sabzevar,IR,88.88,scattered clouds,36.2126,57.6819,Ÿæÿ≤ÿ¥⁄©€å ŸÇÿßŸÜŸàŸÜ€å ÿ≥ÿ®ÿ≤Ÿàÿßÿ±
303,Kuryk,KZ,82.29,light rain,43.2,51.65,Gostinitsa Kuryk - Otel' Dlya Vsekh Kategoriy Kliyentov .
304,Sandakan,MY,78.48,few clouds,5.8402,118.1179,Hotel Sandakan
306,Labuhan,ID,75.79,overcast clouds,-6.8844,112.2051,DoubleFAG
307,Cairns,AU,73.06,overcast clouds,-16.9167,145.7667,Mantra Trilogy Cairns
308,Pyinmana,MM,75.38,overcast clouds,19.7333,96.2167,Anh Mai Daung
309,La Ronge,CA,79.05,scattered clouds,55.1001,-105.2842,Northland Motor Hotel
311,Cabo San Lucas,MX,81.05,overcast clouds,22.8909,-109.9124,Vista Roof Restaurant
314,Segamat,MY,74.64,broken clouds,2.5148,102.8158,VIP HOTEL
317,Olinda,BR,76.73,scattered clouds,-8.0089,-34.8553,Flat Quatro Rodas Olinda
320,Tateyama,JP,77.09,scattered clouds,34.9833,139.8667,Tateyama Seaside Hotel
322,Gouyave,GD,79.57,broken clouds,12.1646,-61.7296,Rumboat Retreat
323,Bismarck,US,74.64,scattered clouds,46.8083,-100.7837,Bismarck Hotel and Conference Center
324,Tautira,PF,78.46,light rain,-17.7333,-149.15,Pension Oaoa
326,Alvorada,BR,81.28,few clouds,-12.48,-49.1247,Cristal Plaza Hotel
329,Kloulklubed,PW,83.19,heavy intensity rain,7.0419,134.2556,Storyboard Beach Resort
331,Praia,CV,75.74,scattered clouds,14.9215,-23.5087,LT Aparthotel
332,Mastic,US,85.1,clear sky,40.802,-72.8409,Southaven County Park Campground
333,Hasaki,JP,73.8,clear sky,35.7333,140.8333,Inubosaki Kanko Hotel
334,Mattru,SL,75.02,overcast clouds,7.6244,-11.8332,"Mondkor Town, Bagbo Chiefdom, Bo District"
335,Coahuayana,MX,86.54,overcast clouds,18.7333,-103.6833,El rranchito michuacan de ocampos
339,Sao Raimundo Nonato,BR,79.29,light rain,-9.0153,-42.6994,Real Hotel
340,Haines Junction,CA,73.35,scattered clouds,60.7522,-137.5108,Parkside Inn
341,Hobyo,SO,79.05,scattered clouds,5.3505,48.5268,Iftin hotel hobyo
342,Pitimbu,BR,81.19,clear sky,-7.4706,-34.8086,Reserva do Abia√≠
344,Faanui,PF,80.04,overcast clouds,-16.4833,-151.75,Bora-Bora Pearl Beach Resort & Spa
348,Tura,IN,73.74,overcast clouds,25.5198,90.2201,Hotel RIKMAN Continental
349,Veraval,IN,83.5,overcast clouds,20.9,70.3667,Lords Inn Somnath
350,Naliya,IN,83.68,moderate rain,23.2667,68.8333,jadeja jayendrasinh
354,Tlacotepec,MX,72.79,broken clouds,20.0667,-97.8667,RANCHO LA ILUSION
355,Dingle,PH,77.63,moderate rain,10.9995,122.6711,SEGAYA PROPERTY
359,Cockburn Town,TC,85.96,scattered clouds,21.4612,-71.1419,Osprey Beach Hotel
361,Saint-Georges,GD,83.88,scattered clouds,12.0564,-61.7485,Radisson Grenada Beach Resort
364,Claveria,PH,79.21,overcast clouds,18.6074,121.0832,Casa Grand Inn By The Sea
367,Puerto Carreno,CO,84.18,few clouds,6.189,-67.4859,Casa Hotel Victoria
368,Bose,IT,72.99,scattered clouds,45.4612,8.0137,Locanda Borgo Antico
369,Fort-Shevchenko,KZ,83.88,broken clouds,44.5086,50.263,Oasis hotel Bautino
371,Kaseda,JP,76.78,overcast clouds,31.4167,130.3167,Sun Stay Kaseda
373,Yumen,CN,71.69,broken clouds,40.2833,97.2,
375,Yazd,IR,87.91,clear sky,31.8972,54.3675,Mozaffar Traditional Hotel
377,Feldbach,AT,72.01,scattered clouds,46.9531,15.8883,Pfeiler's B√ºrgerst√ºberl - Hotel
379,Zhangzhou,CN,78.73,overcast clouds,24.5133,117.6556,Crowne Plaza Zhangzhou
381,Macas,EC,74.95,broken clouds,-2.3167,-78.1167,Casa Upano
382,Nassau,US,89.19,broken clouds,40.7507,-73.5829,Hilton Garden Inn Westbury
383,Milas,TR,76.35,clear sky,37.3164,27.7839,Milashan Hotel
384,College,US,79.59,clear sky,64.8569,-147.8028,Pike's Waterfront Lodge
385,Mecca,SA,89.83,clear sky,21.4267,39.8261,"Makkah Clock Royal Tower, A Fairmont Hotel"
386,Itacoatiara,BR,83.14,overcast clouds,-3.1431,-58.4442,BBB Rooms Centro Itacoatiara AM
387,Lethem,GY,81.55,overcast clouds,3.3803,-59.7968,Savannah Inn
388,Le Mars,US,80.37,clear sky,42.7942,-96.1656,"Holiday Inn Express & Suites Le Mars, an IHG Hotel"
393,Gourcy,BF,88.21,light rain,13.2167,-2.35,Auberge Gourcy
395,Panacan,PH,80.28,moderate rain,9.2463,118.4082,Mom's Place Resort
397,Canutama,BR,88.07,broken clouds,-6.5339,-64.3831,Hotel Jhennifer
398,Alofi,NU,76.89,scattered clouds,-19.0595,-169.9187,Taloa Heights
399,Shimoda,JP,80.1,broken clouds,34.6667,138.95,Shimoda Tokyu Hotel
402,Bambanglipuro,ID,76.12,overcast clouds,-7.95,110.2833,Puri Brata
404,Belmonte,BR,74.25,broken clouds,-15.8631,-38.8828,Pousada Monte Carmelo O P√£o
405,Ixtapa,MX,83.23,overcast clouds,20.7,-105.2,hotel la terminal
407,Partapur,IN,82.81,few clouds,23.6,74.1667,Hotel The Park
408,Lazaro Cardenas,MX,85.42,overcast clouds,17.9583,-102.2,HOTEL QUINTA ANTIGUA
409,Thompson,CA,73.56,smoke,55.7435,-97.8558,Burntwood Hotel
412,Portage,US,82.87,broken clouds,41.1667,-81.1998,Rocking Horse Inn
414,Fort Pierce,US,88.05,scattered clouds,27.4467,-80.3256,Hutchinson Island Plaza Hotel & Suites
418,Mehriz,IR,84.7,clear sky,31.5917,54.4318,Mehrgard dwelling/ÿ≥ÿ±ÿß€å ŸÖŸáÿ±⁄Øÿ±ÿØ
419,Krizevci,HR,72.99,clear sky,46.0219,16.5425,Koristan Kod d.o.o.
420,Sinjar,IQ,80.13,clear sky,36.3209,41.8754,ÿ≤ŸàŸÖÿßŸÜŸä ŸÅŸàŸÜ 1
423,Nantucket,US,75.15,few clouds,41.2835,-70.0995,Jared Coffin House
424,Miles City,US,74.48,clear sky,46.4083,-105.8406,FairBridge Inn & Suites Miles City
426,Alenquer,BR,85.71,overcast clouds,-1.9417,-54.7383,Detinha Hotel
427,Eganville,CA,81.52,overcast clouds,45.5334,-77.0994,Egan Inn
428,Bathsheba,BB,84.81,scattered clouds,13.2167,-59.5167,Atlantis Hotel
429,Elk City,US,79.48,clear sky,35.412,-99.4043,Hampton Inn & Suites Elk City
430,Glendive,US,77.7,clear sky,47.1053,-104.7125,Super 8 by Wyndham Glendive
434,Fereydun Kenar,IR,80.82,clear sky,36.6864,52.5225,Khezer Shahr Tourist Hotel
435,Ketchikan,US,70.7,few clouds,55.3422,-131.6461,Snow's Cove Lodge
436,Trairi,BR,79.2,broken clouds,-3.2778,-39.2689,janelas do mar
437,Kutum,SD,81.21,overcast clouds,14.2,24.6667,Dibbo areaŸÖŸÜÿ∑ŸÇÿ© ÿØÿ®Ÿà
438,Nouadhibou,MR,71.58,sand,20.931,-17.0347,El Medina
442,Half Moon Bay,US,87.04,few clouds,37.4636,-122.4286,"The Ritz-Carlton, Half Moon Bay"
443,Kuala Terengganu,MY,76.95,few clouds,5.3302,103.1408,Hotel Grand Continental Kuala Terengganu (4 Star)
444,Valentin Gomez Farias,MX,85.86,scattered clouds,28.2167,-106.5833,
450,Excelsior Springs,US,77.97,clear sky,39.3392,-94.2261,The Elms Hotel & Spa
452,Assiniboia,CA,75.02,clear sky,49.6334,-105.9845,Canalta Hotel Assiniboia
453,Kushima,JP,75.83,broken clouds,31.4583,131.2333,Hanaoka
456,Erzin,TR,71.37,few clouds,36.9559,36.2,Artemis Otel
458,Tuni,IN,79.99,broken clouds,17.35,82.55,Sai Krishna Lodge
460,Sao Filipe,CV,74.79,scattered clouds,14.8961,-24.4956,Hotel Xaguate
461,Puerto Baquerizo Moreno,EC,76.19,broken clouds,-0.9,-89.6,Hotel los Algarrobos
464,Mahajanga,MG,73.42,scattered clouds,-15.7167,46.3167,Restaurant Greedy Coco Lodge Majunga
465,Lodja,CD,73.76,scattered clouds,-3.4833,23.4333,
466,Kabala,SL,72.73,light rain,9.5833,-11.55,Kabala Hill View
469,Salinopolis,BR,79.92,broken clouds,-0.6136,-47.3561,Salinas Park Resort Ma√ßarico AP101
471,West Plains,US,81.91,scattered clouds,36.7281,-91.8524,West Plains Motel
475,Elat,IL,87.64,clear sky,29.5581,34.9482,Club Hotel Eilat
479,Vanimo,PG,76.62,overcast clouds,-2.6741,141.3028,Vahmoneh Lodge Vanimo
482,Chikhli,IN,77.34,overcast clouds,20.35,76.25,HOTEL GULMOHAR
484,Swift Current,CA,74.21,few clouds,50.2834,-107.8014,"Motel 6 Swift Current, SK"
490,Mlonggo,ID,76.69,overcast clouds,-6.5333,110.7,Asia Metal Art
495,Katobu,ID,73.44,broken clouds,-4.9408,122.5276,La Ode Husein
496,Hambantota,LK,79.2,overcast clouds,6.1241,81.1185,Bungalow 63
498,San Mateo Del Mar,MX,87.31,broken clouds,16.2,-95.0,
499,Harper,LR,77.23,broken clouds,4.375,-7.7169,Screensaver
502,Merauke,ID,78.04,overcast clouds,-8.4667,140.3333,
503,Mastic Beach,US,85.15,overcast clouds,40.7668,-72.8521,Brushwood House by Smith Point Beach
508,Whitehorse,CA,74.17,scattered clouds,60.7161,-135.0538,The Sternwheeler Hotel & Conference Centre
510,Birao,CF,75.83,overcast clouds,10.2849,22.7882,
511,Broome,US,86.7,overcast clouds,42.2506,-75.833,Chenango Valley State Park
513,Uribia,CO,87.84,overcast clouds,11.7139,-72.266,Hotel Uribia
517,Nisia Floresta,BR,77.81,few clouds,-6.0911,-35.2086,Rancho Crepusculo
523,Karema,TZ,70.48,clear sky,-6.8205,30.4389,
528,Xinmin,CN,71.22,moderate rain,41.9908,122.8253,Agricultural Machinery Hotel
529,Najran,SA,84.2,broken clouds,17.4924,44.1277,ŸÖÿ≠ŸÖÿØ ŸáÿßÿØŸä ÿßŸÑ ŸÅÿ∑Ÿäÿ≠
531,Poso,ID,76.28,overcast clouds,-1.3959,120.7524,Hotel 77 Poso
535,Port Hawkesbury,CA,71.96,scattered clouds,45.6169,-61.3485,MacKenzie House Tourist Home B&B
536,Gizo,SB,81.66,overcast clouds,-8.103,156.8419,Imagination Island
539,Yuzhou,CN,78.06,overcast clouds,34.1628,113.4639,Hancheng Wen Yuan Ge Hotel
541,Zumpango,MX,76.75,overcast clouds,19.7978,-99.1017,Hotel Familiar San Lorenzo
543,Kandrian,PG,78.26,light rain,-6.2167,149.55,Kandrian Station
544,Griffith,US,80.26,clear sky,41.5284,-87.4237,Apartment above Depot Bar
549,Ivanava,BY,70.63,overcast clouds,52.1451,25.5365,Bed&Breakfast Valeria
551,Kuching,MY,75.42,few clouds,1.55,110.3333,Hilton Kuching
555,Yashkul,RU,79.21,overcast clouds,46.1711,45.3435,"Gostinitsa ""Putnik"""
557,Sweetwater,US,86.99,few clouds,25.7634,-80.3731,Courtyard by Marriott Miami at Dolphin Mall
562,Jiuquan,CN,71.4,overcast clouds,39.7432,98.5174,Jiuquan Hotel
564,Abengourou,CI,71.62,overcast clouds,6.7297,-3.4964,Hotel des Princes
569,Afua,BR,78.71,broken clouds,-0.1567,-50.3867,Hotel Dias
571,Thinadhoo,MV,83.03,overcast clouds,0.5333,72.9333,
572,Rapid Valley,US,76.44,clear sky,44.0625,-103.1463,Fairfield Inn & Suites by Marriott Rapid City
574,Tomatlan,MX,83.95,overcast clouds,19.9333,-105.25,El Salvial
575,Ingham,US,82.35,clear sky,42.6,-84.3833,Sunset Mobile Home Park
576,Amalapuram,IN,80.51,overcast clouds,16.5833,82.0167,swayamprabha service apartments
577,Esna,EG,86.27,clear sky,25.2934,32.554,Orient Star Dahabyia Isna 05 Nights Each Sunday
578,Palmerston,AU,76.98,clear sky,-12.486,130.9833,Quest Palmerston - Serviced Apartments and Accommodation
580,Tucuma,BR,78.94,scattered clouds,-0.1833,-50.05,
582,Umm Lajj,SA,83.05,clear sky,25.0213,37.2685,Moon light Furnished Units
584,Bonthe,SL,78.96,overcast clouds,7.5264,-12.505,Bonthe Holiday Village
587,Atasu,KZ,71.15,clear sky,48.6814,71.6433,Dostyk
588,Vao,NC,72.93,overcast clouds,-22.6667,167.4833,Hotel Kou-Bugny
589,Acari,PE,71.49,overcast clouds,-15.4311,-74.6158,HOSPEDAJE XIMENA
592,Sandpoint,US,82.65,clear sky,48.2766,-116.5533,Hotel Ruby Sandpoint/Ponderay
593,Show Low,US,70.66,thunderstorm with rain,34.2542,-110.0298,Hampton Inn & Suites Show Low-Pinetop
594,Dicabisagan,PH,78.13,moderate rain,17.0818,122.4157,Nancy Montanes Bernardo
595,Itarema,BR,77.56,scattered clouds,-2.9248,-39.9167,"Sea Lounge! Bar, Club & Restaurant"
596,Atambua,ID,71.02,overcast clouds,-9.1061,124.8925,Kost Alfa Flat
599,Aswan,EG,87.93,clear sky,24.0934,32.907,Nuba Nile
601,Kirkuk,IQ,84.29,clear sky,35.4681,44.3922,Cihad Oteli
602,Ibra,OM,89.38,broken clouds,22.6906,58.5334,ŸÖÿ≤ÿ±ÿπÿ© ÿ±ÿßÿ≠ÿ© ÿßŸÑŸÜŸÅŸàÿ≥ ÿßŸÑŸÖŸÜÿ≤ŸÅÿ©
605,Yingkou,CN,71.37,overcast clouds,40.6648,122.2283,Yingkou Juyin Junyue Hotel
606,Ende,ID,76.08,overcast clouds,-8.8432,121.6623,Dwi Putra Hotel - Ende
609,Pekalongan,ID,76.01,overcast clouds,-6.8886,109.6753,Hotel Sahid Mandarin Pekalongan
610,Cuauhtemoc,MX,81.43,scattered clouds,28.4167,-106.8667,Motel Tarahumara Inn
611,Suez,EG,77.09,clear sky,29.9737,32.5263,Green House
612,Grand-Lahou,CI,77.2,overcast clouds,5.1367,-5.0242,Hotel Beatitude de Grand Lahou
613,Kisangani,CD,70.93,few clouds,0.5167,25.2,Grand Ramela Hotel
615,Padang,ID,77.56,overcast clouds,-0.9492,100.3543,Mercure Padang
616,Gorontalo,ID,74.44,overcast clouds,0.5412,123.0595,Maqna Hotel by Prasanthi
619,Grand-Santi,GF,76.32,overcast clouds,4.25,-54.3833,Hotel La Villa Couacou
620,Daman,IN,81.86,overcast clouds,20.4167,72.85,Silver Sands Beach Resort
622,Howard Springs,AU,76.91,broken clouds,-12.497,131.047,buffalo beach hostel
623,Micheweni,TZ,76.95,few clouds,-4.9667,39.8333,
624,Guapi,CO,77.67,moderate rain,2.5708,-77.8854,Hotel Emperador Guap√≠
626,Ormara,PK,82.98,overcast clouds,25.2088,64.6357,Kenara Colony House for Rent
627,Sibenik,HR,79.38,clear sky,43.7272,15.9058,Hotel Jadran
629,Oistins,BB,77.09,broken clouds,13.0667,-59.5333,Butterfly Beach Hotel
631,Sturgis,US,79.05,clear sky,41.7992,-85.4192,Best Western Plus Howe Inn
632,Nipawin,CA,73.22,few clouds,53.3668,-104.0009,Tobin Lake Motel
637,Coruripe,BR,74.79,scattered clouds,-10.1256,-36.1756,Pousada e Hotel Litoral Sul
640,Key West,US,86.0,overcast clouds,24.5557,-81.7826,Fairfield Inn & Suites by Marriott Key West
643,Sai Buri,TH,77.72,overcast clouds,6.7013,101.6168,‡∏£‡πâ‡∏≤‡∏ô‚Äã ‡πÄ‡∏ß‡∏î‡∏î‡∏¥‡πâ‡∏á
644,Hami,CN,81.84,clear sky,42.8,93.45,Laoyutang Resort
646,Artemisa,CU,86.27,broken clouds,22.814,-82.7561,Hotel Moka
649,Shenjiamen,CN,75.65,overcast clouds,29.9576,122.298,Jinjiang Inn Zhoushan Putuo Shenjiamen
650,Pauini,BR,88.54,scattered clouds,-7.7136,-66.9764,Casa do Kiwliks
654,Road Town,VG,82.09,few clouds,18.4167,-64.6167,"ZINGARA 76ft Catamaran, full crew-all included"
657,Massafra,IT,83.08,clear sky,40.5888,17.117,Hotel Bizantino
658,Hof,DE,70.92,clear sky,50.3167,11.9167,Hotel Burghof
659,Zhuhai,CN,83.98,scattered clouds,22.2769,113.5678,Áè†Êµ∑Á≤§Ë¥¢ÂÅáÊó•ÈÖíÂ∫ó
660,Burriana,ES,75.7,clear sky,39.889,-0.085,Hotel Beatriz
661,Esfarayen,IR,83.17,clear sky,37.0765,57.5101,ÿØŸÅÿ™ÿ± ÿßÿ≤ÿØŸàÿßÿ¨ 65 : ÿ≥ÿ±ÿØŸÅÿ™ÿ± ÿßÿ®ÿ±ÿßŸá€åŸÖ ÿ®ÿ±ÿ∫ŸÖÿØ€å
664,Bandarbeyla,SO,78.4,overcast clouds,9.4942,50.8122,JABIR HOTEL
665,Palmas,BR,85.87,clear sky,-10.2128,-48.3603,Hotel Lago da Palma
666,Scalea,IT,81.79,clear sky,39.813,15.7956,Grand Hotel de Rose
671,Camocim,BR,79.95,broken clouds,-2.9022,-40.8411,Ilha Praia Hotel
672,Morant Bay,JM,83.71,few clouds,17.8815,-76.4093,Whispering Bamboo Cove Resort
673,Shingu,JP,76.23,scattered clouds,33.7333,135.9833,Shingu UI Hotel
674,San Jose De Sisa,PE,86.52,overcast clouds,-6.6167,-76.6915,Killu Sisa Hospedaje
678,Huntington,US,88.7,overcast clouds,38.4193,-82.4452,Ramada Limited Huntington
679,Oranjestad,AW,80.15,overcast clouds,12.524,-70.027,Divi Village Golf & Beach Resort
681,Samba,IN,89.15,clear sky,32.5667,75.1167,Sumit Sharma
682,Methoni,GR,76.86,clear sky,36.8197,21.7049,Methoni Beach Hotel
685,Ajaccio,FR,73.38,clear sky,42.0,8.9167,Sole E Monte
686,Kumta,IN,80.24,overcast clouds,14.4167,74.4,Hotel Vaibhav Palace
687,Fairbanks,US,79.02,smoke,64.8378,-147.7164,Westmark Fairbanks Hotel & Conference Center
688,Jiwani,PK,82.31,scattered clouds,25.05,61.7417,Hamza hotel jiwani
